[
  {
    "word": "Benevolent",
    "meaning": "mehribon",
    "example": "She is a benevolent leader."
  },
  {
    "word": "Resilient",
    "meaning": "chidamli",
    "example": "He remained resilient during tough times."
  },
  {
    "word": "Gratitude",
    "meaning": "minnatdorchilik",
    "example": "Express your gratitude daily."
  },
  {
    "word": "Word4",
    "meaning": "Meaning4",
    "example": "This is example sentence for Word4."
  },
  {
    "word": "Word5",
    "meaning": "Meaning5",
    "example": "This is example sentence for Word5."
  },
  {
    "word": "Word6",
    "meaning": "Meaning6",
    "example": "This is example sentence for Word6."
  },
  {
    "word": "Word7",
    "meaning": "Meaning7",
    "example": "This is example sentence for Word7."
  },
  {
    "word": "Word8",
    "meaning": "Meaning8",
    "example": "This is example sentence for Word8."
  },
  {
    "word": "Word9",
    "meaning": "Meaning9",
    "example": "This is example sentence for Word9."
  },
  {
    "word": "Word10",
    "meaning": "Meaning10",
    "example": "This is example sentence for Word10."
  },
  {
    "word": "Word11",
    "meaning": "Meaning11",
    "example": "This is example sentence for Word11."
  },
  {
    "word": "Word12",
    "meaning": "Meaning12",
    "example": "This is example sentence for Word12."
  },
  {
    "word": "Word13",
    "meaning": "Meaning13",
    "example": "This is example sentence for Word13."
  },
  {
    "word": "Word14",
    "meaning": "Meaning14",
    "example": "This is example sentence for Word14."
  },
  {
    "word": "Word15",
    "meaning": "Meaning15",
    "example": "This is example sentence for Word15."
  },
  {
    "word": "Word16",
    "meaning": "Meaning16",
    "example": "This is example sentence for Word16."
  },
  {
    "word": "Word17",
    "meaning": "Meaning17",
    "example": "This is example sentence for Word17."
  },
  {
    "word": "Word18",
    "meaning": "Meaning18",
    "example": "This is example sentence for Word18."
  },
  {
    "word": "Word19",
    "meaning": "Meaning19",
    "example": "This is example sentence for Word19."
  },
  {
    "word": "Word20",
    "meaning": "Meaning20",
    "example": "This is example sentence for Word20."
  },
  {
    "word": "Word21",
    "meaning": "Meaning21",
    "example": "This is example sentence for Word21."
  },
  {
    "word": "Word22",
    "meaning": "Meaning22",
    "example": "This is example sentence for Word22."
  },
  {
    "word": "Word23",
    "meaning": "Meaning23",
    "example": "This is example sentence for Word23."
  },
  {
    "word": "Word24",
    "meaning": "Meaning24",
    "example": "This is example sentence for Word24."
  },
  {
    "word": "Word25",
    "meaning": "Meaning25",
    "example": "This is example sentence for Word25."
  },
  {
    "word": "Word26",
    "meaning": "Meaning26",
    "example": "This is example sentence for Word26."
  },
  {
    "word": "Word27",
    "meaning": "Meaning27",
    "example": "This is example sentence for Word27."
  },
  {
    "word": "Word28",
    "meaning": "Meaning28",
    "example": "This is example sentence for Word28."
  },
  {
    "word": "Word29",
    "meaning": "Meaning29",
    "example": "This is example sentence for Word29."
  },
  {
    "word": "Word30",
    "meaning": "Meaning30",
    "example": "This is example sentence for Word30."
  },
  {
    "word": "Word31",
    "meaning": "Meaning31",
    "example": "This is example sentence for Word31."
  },
  {
    "word": "Word32",
    "meaning": "Meaning32",
    "example": "This is example sentence for Word32."
  },
  {
    "word": "Word33",
    "meaning": "Meaning33",
    "example": "This is example sentence for Word33."
  },
  {
    "word": "Word34",
    "meaning": "Meaning34",
    "example": "This is example sentence for Word34."
  },
  {
    "word": "Word35",
    "meaning": "Meaning35",
    "example": "This is example sentence for Word35."
  },
  {
    "word": "Word36",
    "meaning": "Meaning36",
    "example": "This is example sentence for Word36."
  },
  {
    "word": "Word37",
    "meaning": "Meaning37",
    "example": "This is example sentence for Word37."
  },
  {
    "word": "Word38",
    "meaning": "Meaning38",
    "example": "This is example sentence for Word38."
  },
  {
    "word": "Word39",
    "meaning": "Meaning39",
    "example": "This is example sentence for Word39."
  },
  {
    "word": "Word40",
    "meaning": "Meaning40",
    "example": "This is example sentence for Word40."
  },
  {
    "word": "Word41",
    "meaning": "Meaning41",
    "example": "This is example sentence for Word41."
  },
  {
    "word": "Word42",
    "meaning": "Meaning42",
    "example": "This is example sentence for Word42."
  },
  {
    "word": "Word43",
    "meaning": "Meaning43",
    "example": "This is example sentence for Word43."
  },
  {
    "word": "Word44",
    "meaning": "Meaning44",
    "example": "This is example sentence for Word44."
  },
  {
    "word": "Word45",
    "meaning": "Meaning45",
    "example": "This is example sentence for Word45."
  },
  {
    "word": "Word46",
    "meaning": "Meaning46",
    "example": "This is example sentence for Word46."
  },
  {
    "word": "Word47",
    "meaning": "Meaning47",
    "example": "This is example sentence for Word47."
  },
  {
    "word": "Word48",
    "meaning": "Meaning48",
    "example": "This is example sentence for Word48."
  },
  {
    "word": "Word49",
    "meaning": "Meaning49",
    "example": "This is example sentence for Word49."
  },
  {
    "word": "Word50",
    "meaning": "Meaning50",
    "example": "This is example sentence for Word50."
  }
]